indication,n_candidates,n_approved,n_failed,drugs
Heparin-induced thrombocytopenia with thrombosis,2,2,0,"Argatroban, Lepirudin"
Pituitary dwarfism,2,2,0,"Sermorelin, Somatropin recombinant"
von Willebrand Disease,2,2,0,"Desmopressin, Vasopressin"
Peyronie Disease,2,2,0,"Benzoic Acid, Collagenase clostridium histolyticum"
Prader-Willi Syndrome,2,2,0,"Carbetocin, Somatropin recombinant"
Secondary malignant neoplasm of female breast,2,2,0,"Aminoglutethimide, Trastuzumab"
"Gaucher Disease, Type 1",2,2,0,"Alglucerase, Velaglucerase alfa"
Congenital neutropenia,2,2,0,"Filgrastim, Filgrastim-sndz"
Cyclic neutropenia,2,2,0,"Filgrastim, Filgrastim-sndz"
Chronic idiopathic neutropenia,2,2,0,"Filgrastim, Filgrastim-sndz"
Respiratory Syncytial Virus Infections,2,2,0,"Palivizumab, Ribavirin"
Secondary malignant neoplasm of colon,2,2,0,"Bevacizumab, Panitumumab"
Malignant tumor of peritoneum,2,2,0,"Bevacizumab, Olaparib"
Osteomalacia,2,2,0,"Cholecalciferol, Ergocalciferol"
Vitamin D-dependent rickets,2,2,0,"Cholecalciferol, Ergocalciferol"
Pellagra,2,2,0,"Nicotinamide, Nicotine"
Epileptic drop attack,2,2,0,"Clonazepam, Lorazepam"
Supraventricular tachycardia,2,2,0,"Esmolol, Propranolol"
Perioperative hypertension,2,2,0,"Esmolol, Nitroglycerin"
"Keratitis, Dendritic",2,2,0,"Ganciclovir, Vidarabine"
Mucocutaneous candidiasis,2,2,0,"Fluconazole, Nystatin"
Pneumococcal pharyngitis,2,2,0,"Ampicillin, Erythromycin"
Toxoplasmosis associated with AIDS,2,2,0,"Pyrimethamine, Sulfadiazine"
Cerebrovascular Occlusion,2,2,0,"Apraclonidine, Ticlopidine"
Hairy Cell Leukemia,2,2,0,"Cladribine, Pentostatin"
Ulcerative colitis in remission,2,2,0,"Mesalazine, Olsalazine"
Hyperprolactinemia,2,2,0,"Bromocriptine, Cabergoline"
Leprosy,2,2,0,"Clofazimine, Dapsone"
Scrub Typhus,2,2,0,"Doxycycline, Fusidic Acid"
Endemic Flea-Borne Typhus,2,2,0,"Doxycycline, Fusidic Acid"
Q fever endocarditis,2,2,0,"Doxycycline, Fusidic Acid"
Brill-Zinsser Disease,2,2,0,"Doxycycline, Fusidic Acid"
"Typhus, Epidemic Louse-Borne",2,2,0,"Doxycycline, Fusidic Acid"
Chlamydia Infections,2,2,0,"Doxycycline, Fusidic Acid"
Glioblastoma multiforme of brain,2,2,0,"Carmustine, Temozolomide"
Nocardia Infections,2,2,0,"Sulfamethoxazole, Sulfisoxazole"
Myxedema,2,2,0,"Levothyroxine, Liothyronine"
Congenital Hypothyroidism,2,2,0,"Levothyroxine, Liothyronine"
Goiter,2,2,0,"Levothyroxine, Liothyronine"
Hypothyroidism,2,2,0,"Levothyroxine, Liothyronine"
Osteolytic Lesions of Multiple Myeloma,2,2,0,"Pamidronate, Zoledronic acid"
Malignant tumor of cervix,2,2,0,"Bleomycin, Topotecan"
Malignant essential hypertension,2,2,0,"Fenoldopam, Nitroprusside"
Shoulder tendinitis,2,2,0,"Indomethacin, Magnesium salicylate"
Opioid withdrawal,2,2,0,"Lofexidine, Methadone"
Skin Ulcer,2,2,0,"Silver sulfadiazine, Sulfadiazine"
Treatment-resistant schizophrenia,2,2,0,"Clozapine, Thioridazine"
Secondary malignant neoplasm of kidney,2,2,0,"Medroxyprogesterone acetate, Progesterone"
Malignant epithelial neoplasm of thyroid,2,2,0,"Sorafenib, Vandetanib"
Tinea barbae,2,2,0,"Griseofulvin, Tolnaftate"
Salmonella sepsis,2,2,0,"Ampicillin, Ceftriaxone"
Paratyphoid Fever,2,2,0,"Ampicillin, Chloramphenicol"
Intractable hiccups,2,2,0,"Chlorpromazine, Promazine"
Disruptive Behavior Disorder,2,2,0,"Chlorpromazine, Promazine"
Sialorrhea,2,2,0,"Glycopyrronium, Hyoscyamine"
Uric acid renal calculus,2,2,0,"Allopurinol, Potassium Citrate"
Gonococcal meningitis,2,2,0,"Ceftazidime, Ceftriaxone"
Scalp Dermatoses,2,2,0,"Betamethasone, Clobetasol propionate"
Varicosity,2,2,0,"Polidocanol, Sodium Tetradecyl Sulfate"
Influenza due to Influenza A virus,2,2,0,"Amantadine, Rimantadine"
Haemophilus influenzae type b infection,2,2,0,"Cefotaxime, Ceftriaxone"
"Arthritis, Bacterial",2,2,0,"Cefotaxime, Ceftriaxone"
Prostatic Neoplasms,2,2,0,"Estramustine, Flutamide"
Gilles de la Tourette syndrome,2,2,0,"Haloperidol, Pimozide"
"Enterocolitis, Pseudomembranous",2,2,0,"Fidaxomicin, Vancomycin"
Pseudobulbar affect,2,2,0,"Dextromethorphan, Quinidine"
Rhabdomyosarcoma,2,2,0,"Dactinomycin, Vincristine"
Superficial basal cell carcinoma,2,2,0,"Fluorouracil, Imiquimod"
Meningeal Leukemia,2,2,0,"Cytarabine, Methotrexate"
Osteosarcoma of bone,2,2,0,"Doxorubicin, Methotrexate"
Chickenpox,2,2,0,"Aciclovir, Valaciclovir"
Genital Herpes,2,2,0,"Aciclovir, Valaciclovir"
Asymptomatic left ventricular systolic dysfunction,2,2,0,"Enalapril, Enalaprilat"
Amenorrhea,2,2,0,"Gonadorelin, Lisuride"
Pseudotumor Cerebri,2,2,0,"Mannitol, Thiopental"
Onchocerciasis,2,2,0,"Diethylcarbamazine, Ivermectin"
Strongyloidiasis,2,2,0,"Ivermectin, Thiabendazole"
Quartan malaria,2,2,0,"Chloroquine, Hydroxychloroquine"
Ovale malaria,2,2,0,"Chloroquine, Hydroxychloroquine"
"Ophthalmia, Sympathetic",2,2,0,"Prednisolone, Triamcinolone"
Infection by Trichuris trichiura,2,2,0,"Mebendazole, Thiabendazole"
Poisoning by pyrimethamine,2,2,0,"Leucovorin, Levoleucovorin"
Methotrexate poisoning,2,2,0,"Leucovorin, Levoleucovorin"
"Anemia, Megaloblastic",2,2,0,"Leucovorin, Levoleucovorin"
Poisoning by sulfadiazine,2,2,0,"Leucovorin, Levoleucovorin"
Mucormycosis,2,2,0,"Amphotericin B, Isavuconazonium"
"Leishmaniasis, Visceral",2,2,0,"Amphotericin B, Miltefosine"
Leishmaniasis,2,2,0,"Amphotericin B, Sodium stibogluconate"
Keratoconjunctivitis,2,2,0,"Fusidic Acid, Tobramycin"
Endomyometritis,2,2,0,"Norfloxacin, Trovafloxacin"
Postnatal infection,2,2,0,"Norfloxacin, Trovafloxacin"
Post-Traumatic Stress Disorder,2,2,0,"Paroxetine, Sertraline"
Autistic Disorder,2,2,0,"Aripiprazole, Risperidone"
Chronic iron overload,2,2,0,"Deferasirox, Deferoxamine"
Hyperkeratosis,2,2,0,"Salicylic acid, Tretinoin"
Cerebrovascular Disorders,2,2,0,"Isoxsuprine, Tolazoline"
Vascular Diseases,2,2,0,"Isoxsuprine, Tolazoline"
Folliculitis,2,2,0,"Fusidic Acid, Gentamicin"
Citrobacter sepsis,2,2,0,"Fusidic Acid, Gentamicin"
Paronychia Inflammation,2,2,0,"Fusidic Acid, Gentamicin"
Furunculosis,2,2,0,"Fusidic Acid, Gentamicin"
Facial hyperpigmentation,2,2,0,"Hydroquinone, Tazarotene"
Pseudomonas aeruginosa infection,2,2,0,"Colistimethate, Colistin"
Enterobacter infection,2,2,0,"Colistimethate, Colistin"
Klebsiella Infections,2,2,0,"Colistimethate, Colistin"
Tetanus,2,2,0,"Benzylpenicillin, Diazepam"
Erythema nodosum leprosum,2,2,0,"Clofazimine, Thalidomide"
Onychomycosis of fingernails,2,2,0,"Itraconazole, Terbinafine"
Hypoplastic anemia,2,2,0,"Drostanolone, Oxymetholone"
Hepatolenticular Degeneration,2,2,0,"Penicillamine, Triethylenetetramine"
Cystinuria,2,2,0,"Penicillamine, Tiopronin"
Ocular Rosacea,2,2,0,"Loteprednol, Prednisolone"
Hyponatremia,2,2,0,"Conivaptan, Tolvaptan"
Malignant pericardial effusion,2,2,0,"Mechlorethamine, Thiotepa"
Malignant ascites,2,2,0,"Mechlorethamine, Thiotepa"
Acute amebiasis,2,2,0,"Metronidazole, Tinidazole"
Trichomonas Infections,2,2,0,"Metronidazole, Tinidazole"
"Liver Abscess, Amebic",2,2,0,"Metronidazole, Tinidazole"
"Hydatidiform mole, benign",2,2,0,"Dinoprost Tromethamine, Dinoprostone"
Greasy skin,2,2,0,"Salicylic acid, Sulfur"
Low Cardiac Output Syndrome,2,2,0,"Dopamine, Isoprenaline"
"Conjunctivitis, Vernal",2,2,0,"Cromoglicic acid, Lodoxamide"
"Keratoconjunctivitis, Vernal",2,2,0,"Cromoglicic acid, Lodoxamide"
Plague,2,2,0,"Minocycline, Streptomycin"
Meningococcus carrier,2,2,0,"Minocycline, Rifampicin"
Chromoblastomycosis,2,2,0,"Ketoconazole, Posaconazole"
Chronic idiopathic constipation,2,2,0,"Linaclotide, Lubiprostone"
Irritable bowel syndrome characterized by constipation,2,2,0,"Linaclotide, Lubiprostone"
Gonococcal joint infection,2,2,0,"Benzylpenicillin, Ceftriaxone"
"Syphilis, Congenital",2,2,0,"Benzylpenicillin, Procaine benzylpenicillin"
Neurosyphilis,2,2,0,"Benzylpenicillin, Procaine benzylpenicillin"
"Syphilis, secondary",2,2,0,"Benzylpenicillin, Procaine benzylpenicillin"
Rat-Bite Fever,2,2,0,"Benzylpenicillin, Procaine benzylpenicillin"
"Syphilis, Latent",2,2,0,"Benzylpenicillin, Procaine benzylpenicillin"
Pinta,2,2,0,"Benzylpenicillin, Procaine benzylpenicillin"
Bejel,2,2,0,"Benzylpenicillin, Procaine benzylpenicillin"
"Syphilis, tertiary",2,2,0,"Benzylpenicillin, Procaine benzylpenicillin"
Primary genital syphilis,2,2,0,"Benzylpenicillin, Procaine benzylpenicillin"
Gas gangrene caused by clostridium perfringens,2,2,0,"Benzylpenicillin, Clindamycin"
Glaucoma,2,2,0,"Bupranolol, Echothiophate"
Schistosomiasis,2,2,0,"Oxamniquine, Praziquantel"
Chronic tubotympanic suppurative otitis media,2,2,0,"Norfloxacin, Ofloxacin"
Helicobacter-associated gastritis,2,2,0,"Amoxicillin, Clarithromycin"
West Syndrome,2,2,0,"Corticotropin, Vigabatrin"
Paroxysmal atrial flutter,2,2,0,"Flecainide, Propafenone"
"Empyema, Pleural",2,2,0,"Clindamycin, Ticarcillin"
Premature ventricular contractions,2,2,0,"Acebutolol, Encainide"
Crohn's disease in remission,2,2,0,"Budesonide, Desonide"
Allergic otitis externa,2,2,0,"Dexamethasone, Pramocaine"
Diabetic macular edema,2,2,0,"Aflibercept, Ranibizumab"
Familial Mediterranean Fever,2,2,0,"Canakinumab, Colchicine"
Anemia of prematurity,2,2,0,"Iron, Sodium ferric gluconate complex"
beta Thalassemia,2,2,0,"Deferasirox, Deferiprone"
Pneumococcal Infections,2,2,0,"Fusidic Acid, Lincomycin"
Streptococcal infection of skin,2,2,0,"Oritavancin, Tedizolid Phosphate"
Body louse infestation,2,2,0,"Permethrin, Piperonyl butoxide"
liposarcoma,2,2,0,"Eribulin, Trabectedin"
Chronic idiopathic thrombocytopenic purpura,2,2,0,"Eltrombopag, Romiplostim"
Angiolymphoid hyperplasia,2,2,0,"Siltuximab, Tocilizumab"
Dry skin,2,2,0,"Ammonium lactate, Pramocaine"
"Urea Cycle Disorders, Inborn",2,2,0,"Glycerol Phenylbutyrate, Sodium phenylbutyrate"
Basal cell carcinoma,2,2,0,"Sonidegib, Vismodegib"
Raynaud Disease,2,2,0,"Isoxsuprine, Moxisylyte"
Onychomycosis due to Trichophyton mentagrophytes,2,2,0,"Efinaconazole, Tavaborole"
Complex dyslipidemia,2,2,0,"Alirocumab, Evolocumab"
Injury wounds,2,2,0,"Pramocaine, Zinc oxide"
Discoloration of skin,2,2,0,"Hydroquinone, Octinoxate"
Patent ductus arteriosus,2,1,1,"Ibuprofen, Indomethacin"
Alopecia,2,1,1,"Minoxidil, Norepinephrine"
Subarachnoid Hemorrhage,2,1,1,"Deferoxamine, Nimodipine"
Ascites,2,1,1,"Eplerenone, Spironolactone"
Choroidal retinal neovascularization,2,1,1,"Imatinib, Verteporfin"
Choroidal Neovascularization,2,1,1,"Imatinib, Verteporfin"
Bulimia Nervosa,2,1,1,"Acetylcysteine, Fluoxetine"
Lymphoma,2,1,1,"Cyclophosphamide, Pegfilgrastim"
Alopecia Areata,2,1,1,"Abatacept, Triamcinolone"
Lichen Planus,2,1,1,"Alefacept, Triamcinolone"
Dyspnea,2,1,1,"Caffeine, Epinephrine"
Amyotrophic Lateral Sclerosis,2,1,1,"Pioglitazone, Riluzole"
Pyoderma Gangrenosum,2,1,1,"Adalimumab, Clofazimine"
Xerostomia,2,1,1,"Cisplatin, Pilocarpine"
insulinoma,2,1,1,"Diazoxide, Romidepsin"
Brain Neoplasms,2,1,1,"Bevacizumab, Lomustine"
Diabetic Retinopathy,2,1,1,"Octreotide, Ranibizumab"
Iron Overload,2,1,1,"Deferasirox, Deferiprone"
Medullary carcinoma of thyroid,2,1,1,"Cabozantinib, Sorafenib"
Myelofibrosis,2,1,1,"Ruxolitinib, Teriparatide"
Juvenile arthritis,3,3,0,"Abatacept, Adalimumab, Etanercept"
Precocious Puberty,3,3,0,"Histrelin, Leuprolide, Nafarelin"
Acute myocardial infarction,3,3,0,"Alteplase, Reteplase, Tenecteplase"
Cryopyrin-Associated Periodic Syndromes,3,3,0,"Anakinra, Canakinumab, Rilonacept"
Bedwetting,3,3,0,"Desmopressin, Imipramine, Vasopressin"
Hemophilia B,3,3,0,"Coagulation Factor IX, Coagulation factor VIIa Recombinant Human, Eftrenonacog alfa"
Metastatic Renal Cell Cancer,3,3,0,"Aldesleukin, Bevacizumab, Nivolumab"
HER2-positive carcinoma of breast,3,3,0,"Pertuzumab, Trastuzumab, Trastuzumab emtansine"
Incomplete spontaneous abortion,3,3,0,"Dinoprost Tromethamine, Dinoprostone, Oxytocin"
Megaloblastic anemia due to folate deficiency,3,3,0,"Cyanocobalamin, Folic Acid, Iron"
"Anemia, Pernicious",3,3,0,"Cyanocobalamin, Hydroxocobalamin, Thiamine"
Vitamin B 12 Deficiency,3,3,0,"Cyanocobalamin, Hydroxocobalamin, Thiamine"
Renal Osteodystrophy,3,3,0,"Alfacalcidol, Calcidiol, Calcitriol"
Poisoning by acetaminophen,3,3,0,"Acetylcysteine, Cysteine hydrochloride, L-Cysteine"
Amyloidosis,3,3,0,"Acetylcysteine, Cysteine hydrochloride, L-Cysteine"
Folic Acid Deficiency,3,3,0,"Folic Acid, Leucovorin, Levoleucovorin"
Diabetic peripheral neuropathy,3,3,0,"Duloxetine, Lipoic Acid, Pregabalin"
Muscle spasticity of spinal origin,3,3,0,"Baclofen, Dantrolene, Tizanidine"
"Keratitis, Herpetic",3,3,0,"Idoxuridine, Trifluridine, Vidarabine"
Septicemia candida,3,3,0,"Amphotericin B, Fluconazole, Micafungin"
Hepatic Coma,3,3,0,"Erythromycin, Neomycin, Paromomycin"
Toxoplasmosis,3,3,0,"Pyrimethamine, Sulfadiazine, Sulfamethoxazole"
Pulmonary Mycobacterium avium complex infection,3,3,0,"Azithromycin, Clarithromycin, Rifabutin"
Hypoalphalipoproteinemias,3,3,0,"Fenofibrate, Lovastatin, Simvastatin"
Chronic ulcerative proctitis,3,3,0,"Cortisone acetate, Hydrocortisone, Mesalazine"
Cutaneous anthrax,3,3,0,"Benzylpenicillin, Doxycycline, Fusidic Acid"
Cholera,3,3,0,"Doxycycline, Fusidic Acid, Minocycline"
Boutonneuse Fever,3,3,0,"Chloramphenicol, Doxycycline, Fusidic Acid"
Rickettsia Infections,3,3,0,"Chloramphenicol, Doxycycline, Fusidic Acid"
Gastrointestinal anthrax,3,3,0,"Benzylpenicillin, Doxycycline, Fusidic Acid"
Bartonella Infections,3,3,0,"Doxycycline, Fusidic Acid, Minocycline"
Disorder of electrolytes,3,3,0,"Calcium Acetate, Calcium Chloride, Calcium Gluceptate"
Hypermagnesemia,3,3,0,"Calcium Acetate, Calcium Chloride, Calcium Gluceptate"
Hypocalcemic tetany,3,3,0,"Calcium Acetate, Calcium Chloride, Calcium Gluceptate"
Vulvovaginitis,3,3,0,"Sulfacetamide, Sulfanilamide, Sulfathiazole"
Thromboembolism,3,3,0,"Dicoumarol, Phenprocoumon, Warfarin"
Thrombosis,3,3,0,"Dicoumarol, Phenprocoumon, Warfarin"
Cerebral Embolism,3,3,0,"Clopidogrel, Dicoumarol, Warfarin"
Lung diseases,3,3,0,"Aminophylline, Pirbuterol, Theophylline"
Asthma night-time symptoms,3,3,0,"Aminophylline, Dyphylline, Theophylline"
Asthma-chronic obstructive pulmonary disease overlap syndrome,3,3,0,"Aminophylline, Dyphylline, Theophylline"
Malignant neoplasm of thyroid,3,3,0,"Doxorubicin, Levothyroxine, Liothyronine"
Dyspareunia,3,3,0,"Conjugated Estrogens, Dienestrol, Ospemifene"
"Pleural Effusion, Malignant",3,3,0,"Bleomycin, Mechlorethamine, Thiotepa"
Miscarriage with sepsis,3,3,0,"Ertapenem, Norfloxacin, Trovafloxacin"
Cerebral Ischemia,3,3,0,"Papaverine, Pentobarbital, Phentolamine"
Epidermal growth factor receptor positive non-small cell lung cancer,3,3,0,"Afatinib, Gefitinib, Osimertinib"
Septicemia due to enterococcus,3,3,0,"Ampicillin, Benzylpenicillin, Piperacillin"
Rectal pain,3,3,0,"Phenylephrine, Pramocaine, Zinc oxide"
Metrorrhagia,3,3,0,"Medroxyprogesterone acetate, Norethisterone, Progesterone"
Secondary physiologic amenorrhea,3,3,0,"Medroxyprogesterone acetate, Norethisterone, Progesterone"
Tinea Capitis,3,3,0,"Griseofulvin, Terbinafine, Tolnaftate"
Impetigo,3,3,0,"Cefuroxime, Mupirocin, Retapamulin"
pharyngitis due to Haemophilus influenzae,3,3,0,"Amoxicillin, Ampicillin, Demeclocycline"
Bacterial Endocarditis,3,3,0,"Ampicillin, Benzylpenicillin, Vancomycin"
Acute intermittent porphyria,3,3,0,"Chlorpromazine, Hemin, Promazine"
Initial insomnia,3,3,0,"Ramelteon, Zaleplon, Zolpidem"
Calcium renal calculus,3,3,0,"Allopurinol, Potassium Citrate, Sodium phosphate, monobasic, monohydrate"
Alcohol Withdrawal Delirium,3,3,0,"Chlordiazepoxide, Diazepam, Oxazepam"
Alcohol withdrawal syndrome,3,3,0,"Chlordiazepoxide, Clorazepate, Diazepam"
Klebsiella sepsis,3,3,0,"Amikacin, Fusidic Acid, Gentamicin"
Pseudomonas aeruginosa meningitis,3,3,0,"Amikacin, Fusidic Acid, Gentamicin"
Meningitis due to Klebsiella mobilis,3,3,0,"Amikacin, Cefotaxime, Ceftriaxone"
Staphylococcal Infections,3,3,0,"Nafcillin, Oxacillin, Vancomycin"
Acute osteomyelitis,3,3,0,"Ciprofloxacin, Norfloxacin, Ofloxacin"
Enteric campylobacteriosis,3,3,0,"Ciprofloxacin, Norfloxacin, Ofloxacin"
Nephroblastoma,3,3,0,"Dactinomycin, Doxorubicin, Vincristine"
Myasthenia Gravis,3,3,0,"Ambenonium, Neostigmine, Pyridostigmine"
Complicated appendicitis,3,3,0,"Doripenem, Meropenem, Tigecycline"
Gestational Trophoblastic Neoplasms,3,3,0,"Dactinomycin, Methotrexate, Vinblastine"
Accidental poisoning by lead and its compounds and fumes,3,3,0,"Dimercaprol, Edetic Acid, Succimer"
Hyperammonemia,3,3,0,"Benzoic Acid, Lactulose, Phenylacetic acid"
Fusariosis,3,3,0,"Itraconazole, Posaconazole, Voriconazole"
Congestive heart failure,3,3,0,"Enalapril, Enalaprilat, Levosimendan"
Enterobiasis,3,3,0,"Mebendazole, Piperazine, Thiabendazole"
Ascariasis,3,3,0,"Mebendazole, Piperazine, Thiabendazole"
"Leukemia, Myeloid, Chronic-Phase",3,3,0,"Dasatinib, Imatinib, Nilotinib"
Blast Phase,3,3,0,"Bosutinib, Dasatinib, Imatinib"
Philadelphia chromosome-positive acute lymphoblastic leukemia,3,3,0,"Dasatinib, Imatinib, Ponatinib"
Gastrointestinal Stromal Tumors,3,3,0,"Imatinib, Regorafenib, Sunitinib"
Keloid,3,3,0,"Dexamethasone, Tranilast, Triamcinolone"
Gingival Diseases,3,3,0,"Cortisone acetate, Hydrocortisone, Triamcinolone"
Cryptorchidism,3,3,0,"Fluoxymesterone, Testosterone, Testosterone Propionate"
Klinefelter Syndrome,3,3,0,"Fluoxymesterone, Testosterone, Testosterone Propionate"
Amebiasis,3,3,0,"Diiodohydroxyquinoline, Diloxanide, Sulfacetamide"
Alzheimer's Disease,3,3,0,"Donepezil, Galantamine, Rivastigmine"
Diabetic Nephropathy,3,3,0,"Captopril, Irbesartan, Losartan"
Coccidioidomycosis,3,3,0,"Amphotericin B, Ketoconazole, Posaconazole"
Histoplasmosis,3,3,0,"Amphotericin B, Itraconazole, Ketoconazole"
Blastomycosis,3,3,0,"Amphotericin B, Itraconazole, Ketoconazole"
Female pelvic cellulitis,3,3,0,"Cefoxitin, Norfloxacin, Trovafloxacin"
Hypertensive emergency,3,3,0,"Diazoxide, Phentolamine, Trimethaphan"
Pheochromocytoma,3,3,0,"Metyrosine, Phenoxybenzamine, Phentolamine"
Angle Closure Glaucoma,3,3,0,"Acetazolamide, Diclofenamide, Methazolamide"
Secondary glaucoma,3,3,0,"Acetazolamide, Diclofenamide, Methazolamide"
Eosinophilic Pneumonia,3,3,0,"Diethylcarbamazine, Mepolizumab, Prednisolone"
Condylomata Acuminata,3,3,0,"Imiquimod, Podofilox, Sinecatechins"
African Trypanosomiasis,3,3,0,"Eflornithine, Pentamidine, Suramin"
Itching of ear,3,3,0,"Cortisone acetate, Hydrocortisone, Pramocaine"
Cycloplegia,3,3,0,"Cyclopentolate, Scopolamine, Tropicamide"
Non-Q wave myocardial infarction,3,3,0,"Clopidogrel, Heparin, Tirofiban"
Bacterial Vaginosis,3,3,0,"Clindamycin, Metronidazole, Tinidazole"
Adrenal Gland Hyperfunction,3,3,0,"Ketoconazole, Pasireotide, Trilostane"
Chronic gouty arthritis,3,3,0,"Colchicine, Probenecid, Sulfinpyrazone"
Lung Abscess,3,3,0,"Benzylpenicillin, Cefoxitin, Ticarcillin"
Paroxysmal atrial fibrillation,3,3,0,"Dronedarone, Flecainide, Propafenone"
Branch retinal vein occlusion with macular edema,3,3,0,"Aflibercept, Dexamethasone, Ranibizumab"
Central retinal vein occlusion with macular edema,3,3,0,"Aflibercept, Dexamethasone, Ranibizumab"
Narcolepsy-Cataplexy Syndrome,3,3,0,"Gamma Hydroxybutyric Acid, Sodium oxybate, Viloxazine"
Cholelithiasis,3,3,0,"Chenodeoxycholic acid, Cholic Acid, Ursodeoxycholic acid"
"Skin Diseases, Bacterial",3,3,0,"Dalbavancin, Oritavancin, Tedizolid Phosphate"
Staphylococcal Skin Infections,3,3,0,"Dalbavancin, Oritavancin, Tedizolid Phosphate"
"Angioedemas, Hereditary",3,3,0,"Ecallantide, Icatibant, Stanozolol"
Arthropod bite wound,3,3,0,"Dexpanthenol, Pramocaine, Zinc oxide"
Short Bowel Syndrome,3,2,1,"Glucagon recombinant, L-Glutamine, Teduglutide"
Neuralgia,3,2,1,"Capsaicin, Lidocaine, Pregabalin"
Malignant neoplasm of stomach stage IV,3,2,1,"Doxorubicin, Mitomycin, Panobinostat"
Appendicitis,3,2,1,"Piperacillin, Ropivacaine, Tazobactam"
Malignant neoplasm of urinary bladder,3,2,1,"Mitomycin, Thiotepa, Valrubicin"
Chronic schizophrenia,3,2,1,"Amisulpride, Haloperidol, Memantine"
Vitiligo,3,2,1,"Methoxsalen, Tacrolimus, Trioxsalen"
Giant Cell Arteritis,3,2,1,"Infliximab, Prednisolone, Triamcinolone"
Hypercalcemia,3,2,1,"Cholecalciferol, Edetic Acid, Ibandronate"
Secondary malignant neoplasm of pancreas,3,2,1,"Gemcitabine, Irinotecan, Paclitaxel"
Stevens-Johnson Syndrome,3,2,1,"Corticotropin, Infliximab, Prednisolone"
Urinary Incontinence,3,2,1,"Flavoxate, Methantheline, Tolterodine"
Ventricular Fibrillation,3,2,1,"Amiodarone, Bretylium, Metoprolol"
Hyperphosphatemia (disorder),3,2,1,"Ferric Citrate, Sevelamer, Sucroferric Oxyhydroxide"
Burn injury,3,2,1,"Heparin, Pramocaine, Zinc oxide"
Malignant Carcinoid Syndrome,3,1,2,"Dopamine, Octreotide, Somatostatin"
"Meningitis, Cryptococcal",3,1,2,"Amphotericin B, Fluconazole, Flucytosine"
Classical phenylketonuria,3,1,2,"Sapropterin, Verapamil"
Polymyalgia Rheumatica,3,1,2,"Prednisolone, Prednisone"
Pulmonary Fibrosis,3,1,2,"Azathioprine, Prednisolone, Treprostinil"
Cytomegalovirus Retinitis,3,1,2,"Cidofovir, Foscarnet, Ganciclovir"
leiomyosarcoma,3,1,2,"Docetaxel, Gemcitabine, Trabectedin"
Meniere Disease,3,1,2,"Betahistine, Famciclovir, Penciclovir"
Clostridium difficile infection,3,1,2,"Fidaxomicin, Nitazoxanide, Vancomycin"
Clostridium Infections,3,1,2,"Fidaxomicin, Nitazoxanide, Vancomycin"
Anxiety Disorders,3,1,2,"Captodiame, Paroxetine, Venlafaxine"
"Leishmaniasis, Cutaneous",3,1,2,"Fluconazole, Miltefosine, Paromomycin"
Hamman-Rich syndrome,3,1,2,"Nintedanib, Treprostinil, Warfarin"
