,FVVPYMIYLL,KVDPIGHVY,KVDPIGHVYIF,LMKVDPIGHVY,SVQIISCQY,VQIISCQY,VQIISCQY,VSVQIISCQY,VSVQIISCQY
FVVPYMIYLL,1.0,0.0,0.0,0.0,0.0,0.0,0.0,0.0,0.0
KVDPIGHVY,0.0,1.0,0.0,0.0,0.0,0.0,0.0,0.0,0.6762
KVDPIGHVYIF,0.0,0.0,1.0,0.0,0.0,0.0,0.0,0.0,0.0
LMKVDPIGHVY,0.0,0.0,0.0,1.0,0.0,0.0,0.9644,0.0,0.0
SVQIISCQY,0.0,0.0,0.0,0.0,1.0,0.6593,0.0,0.8763,0.0
VQIISCQY,0.0,0.0,0.0,0.0,0.6593,1.0,0.0,0.783,0.0
VQIISCQY,0.0,0.0,0.0,0.9644,0.0,0.0,1.0,0.0,0.0
VSVQIISCQY,0.0,0.0,0.0,0.0,0.8763,0.783,0.0,1.0,0.0
VSVQIISCQY,0.0,0.6762,0.0,0.0,0.0,0.0,0.0,0.0,1.0
