,VLICLRLLMRY,FRSIYLNTLL,LYIWFKTACL,MLEYQKILWKV,TQFLYIWFK,ALFLVFGRTRK,HIIRLMLEY,GTYVRVTVQAR,LMLEYQKILWK,WTGATITVTIK,HTLLLWEHNR,MLEYQKILWK,YVRVTVQARVM
VLICLRLLMRY,1.0,0.0,0.0,0.0,0.0,0.0,0.0,0.0,0.0,0.0,0.0,0.0,0.0
FRSIYLNTLL,0.0,1.0,0.8564,0.0,0.0,0.0,0.0,0.0,0.0,0.0,0.0,0.0,0.0
LYIWFKTACL,0.0,0.8564,1.0,0.0,0.0,0.0,0.0,0.0,0.0,0.0,0.0,0.0,0.0
MLEYQKILWKV,0.0,0.0,0.0,1.0,0.0,0.0,0.0,0.0,0.0,0.0,0.0,0.0,0.0
TQFLYIWFK,0.0,0.0,0.0,0.0,1.0,0.654,0.8184,0.6506,0.6045,0.608,0.6603,0.6878,0.0
ALFLVFGRTRK,0.0,0.0,0.0,0.0,0.654,1.0,0.8355,0.9966,0.9505,0.954,0.9937,0.9662,0.0
HIIRLMLEY,0.0,0.0,0.0,0.0,0.8184,0.8355,1.0,0.8321,0.786,0.7895,0.8419,0.8694,0.0
GTYVRVTVQAR,0.0,0.0,0.0,0.0,0.6506,0.9966,0.8321,1.0,0.9539,0.9574,0.9902,0.9627,0.0
LMLEYQKILWK,0.0,0.0,0.0,0.0,0.6045,0.9505,0.786,0.9539,1.0,0.9965,0.9441,0.9166,0.0
WTGATITVTIK,0.0,0.0,0.0,0.0,0.608,0.954,0.7895,0.9574,0.9965,1.0,0.9476,0.9201,0.0
HTLLLWEHNR,0.0,0.0,0.0,0.0,0.6603,0.9937,0.8419,0.9902,0.9441,0.9476,1.0,0.9725,0.0
MLEYQKILWK,0.0,0.0,0.0,0.0,0.6878,0.9662,0.8694,0.9627,0.9166,0.9201,0.9725,1.0,0.0
YVRVTVQARVM,0.0,0.0,0.0,0.0,0.0,0.0,0.0,0.0,0.0,0.0,0.0,0.0,1.0
