,CHEMBL131,CHEMBL729,CHEMBL109831,CHEMBL280527,CHEMBL1213165,CHEMBL98,CHEMBL105318,CHEMBL3545123,CHEMBL463763,CHEMBL2105801
CHEMBL131,0.9999999999999999,0.04210558534264401,0.03229904382859483,0.028237870336753033,0.03190817846772831,0.06657027832701012,0.040488868373012694,0.02206185118131185,0.12632309996148383,0.02531765716130608
CHEMBL729,0.04210558534264401,0.9999999999999999,0.30606009331742645,0.25636493638517094,0.26000418733727815,0.08141702906308268,0.15651394595604085,0.03653612382968001,0.14591610355435794,0.018708416133933547
CHEMBL109831,0.03229904382859483,0.30606009331742645,0.9999999999999999,0.37156352979664375,0.218536294003093,0.12921516907702013,0.16511532078915844,0.03429605725432115,0.03533677516235723,0.014105551847013387
CHEMBL280527,0.028237870336753033,0.25636493638517094,0.37156352979664375,0.9999999999999999,0.31749807033631905,0.03903388469378829,0.13501934704833782,0.051318738240624946,0.017223110013769534,0.023509253078355646
CHEMBL1213165,0.03190817846772831,0.26000418733727815,0.218536294003093,0.31749807033631905,0.9999999999999999,0.027448045133874784,0.16285990795424077,0.06024349115488202,0.018949993350626436,0.02440735937573103
CHEMBL98,0.06657027832701012,0.08141702906308268,0.12921516907702013,0.03903388469378829,0.027448045133874784,0.9999999999999999,0.04225361237551421,0.02116487493550803,0.09819141469538423,0.01673540049645656
CHEMBL105318,0.040488868373012694,0.15651394595604085,0.16511532078915844,0.13501934704833782,0.16285990795424077,0.04225361237551421,0.9999999999999999,0.04209420621411743,0.030027262083195543,0.019747772585818744
CHEMBL3545123,0.02206185118131185,0.03653612382968001,0.03429605725432115,0.051318738240624946,0.06024349115488202,0.02116487493550803,0.04209420621411743,0.9999999999999999,0.019317279714891947,0.018455862229737142
CHEMBL463763,0.12632309996148383,0.14591610355435794,0.03533677516235723,0.017223110013769534,0.018949993350626436,0.09819141469538423,0.030027262083195543,0.019317279714891947,0.9999999999999999,0.016857854646430637
CHEMBL2105801,0.02531765716130608,0.018708416133933547,0.014105551847013387,0.023509253078355646,0.02440735937573103,0.01673540049645656,0.019747772585818744,0.018455862229737142,0.016857854646430637,0.9999999999999999
